{
    "data_0": {
        "layer_30": {
            "token_67": 0.05245
        }
    },
    "data_1": {
        "layer_10": {
            "token_58": -0.05206
        },
        "layer_17": {
            "token_58": -0.05765
        },
        "layer_19": {
            "token_58": 0.06988
        },
        "layer_23": {
            "token_58": 0.07444
        },
        "layer_24": {
            "token_58": 0.18032
        },
        "layer_27": {
            "token_58": -0.05561
        },
        "layer_28": {
            "token_58": -0.08876
        },
        "layer_29": {
            "token_58": -0.13768
        },
        "layer_30": {
            "token_58": -0.08765
        },
        "layer_31": {
            "token_58": 0.22682
        }
    },
    "data_9": {
        "layer_31": {
            "token_238": 0.05407
        }
    },
    "data_10": {
        "layer_21": {
            "token_44": 0.06916
        },
        "layer_22": {
            "token_44": 0.06385
        },
        "layer_24": {
            "token_44": 0.07463
        },
        "layer_25": {
            "token_44": 0.0817
        },
        "layer_27": {
            "token_44": 0.09843
        },
        "layer_28": {
            "token_44": 0.15172
        },
        "layer_29": {
            "token_44": 0.07992
        },
        "layer_30": {
            "token_44": 0.11263,
            "token_58": 0.07172
        },
        "layer_31": {
            "token_44": 0.11296,
            "token_58": 0.06081
        }
    },
    "data_13": {
        "layer_28": {
            "token_51": -0.0506
        }
    },
    "data_15": {
        "layer_31": {
            "token_48": 0.08483
        }
    },
    "data_17": {
        "layer_26": {
            "token_36": 0.05436
        },
        "layer_27": {
            "token_36": 0.05684
        },
        "layer_28": {
            "token_36": 0.06328
        },
        "layer_29": {
            "token_36": 0.05822
        }
    },
    "data_18": {
        "layer_25": {
            "token_25": 0.05026
        },
        "layer_26": {
            "token_25": 0.05121
        },
        "layer_27": {
            "token_25": 0.05341
        },
        "layer_29": {
            "token_25": 0.0709
        },
        "layer_30": {
            "token_25": 0.10432
        }
    },
    "data_19": {
        "layer_25": {
            "token_64": -0.05411
        },
        "layer_29": {
            "token_64": -0.07555
        },
        "layer_31": {
            "token_64": 0.08751
        }
    },
    "data_24": {
        "layer_31": {
            "token_218": 0.05915
        }
    },
    "data_25": {
        "layer_31": {
            "token_118": -0.05511,
            "token_238": 0.05427
        }
    },
    "data_28": {
        "layer_31": {
            "token_230": -0.05018
        }
    },
    "data_30": {
        "layer_22": {
            "token_106": -0.06563
        },
        "layer_23": {
            "token_106": -0.05081
        },
        "layer_24": {
            "token_106": -0.06408
        },
        "layer_25": {
            "token_106": -0.06679
        },
        "layer_26": {
            "token_106": -0.05575
        },
        "layer_27": {
            "token_106": -0.10885
        },
        "layer_28": {
            "token_106": -0.0679
        },
        "layer_29": {
            "token_106": -0.10028
        },
        "layer_30": {
            "token_106": -0.10346,
            "token_116": 0.05221,
            "token_118": 0.06382,
            "token_119": 0.07727,
            "token_120": 0.06123,
            "token_121": 0.06348,
            "token_122": 0.06241,
            "token_123": 0.06296,
            "token_125": 0.05242,
            "token_127": 0.05628,
            "token_132": 0.05032,
            "token_140": 0.05328,
            "token_143": 0.05019,
            "token_161": 0.05683,
            "token_172": 0.05029,
            "token_193": 0.05127,
            "token_195": 0.05193,
            "token_221": 0.05521,
            "token_222": 0.05248,
            "token_239": 0.05335
        },
        "layer_31": {
            "token_106": -0.05076,
            "token_119": 0.05477,
            "token_120": 0.08006,
            "token_121": 0.05632,
            "token_122": 0.05398,
            "token_123": 0.0525,
            "token_254": 0.06441
        }
    },
    "data_31": {
        "layer_30": {
            "token_84": 0.05234
        },
        "layer_31": {
            "token_84": 0.08744
        }
    },
    "data_32": {
        "layer_26": {
            "token_72": -0.08116
        },
        "layer_27": {
            "token_72": -0.08768
        },
        "layer_28": {
            "token_72": -0.05982
        },
        "layer_30": {
            "token_176": 0.05073
        },
        "layer_31": {
            "token_72": 0.05104
        }
    },
    "data_33": {
        "layer_30": {
            "token_24": 0.05289
        }
    },
    "data_34": {
        "layer_31": {
            "token_45": 0.08211
        }
    },
    "data_35": {
        "layer_29": {
            "token_95": -0.05125
        },
        "layer_30": {
            "token_95": -0.07056
        }
    },
    "data_41": {
        "layer_17": {
            "token_53": -0.09797
        },
        "layer_18": {
            "token_53": -0.13527
        },
        "layer_19": {
            "token_53": -0.13688
        },
        "layer_20": {
            "token_53": -0.1053
        },
        "layer_21": {
            "token_53": -0.05469
        },
        "layer_24": {
            "token_53": -0.05223
        },
        "layer_25": {
            "token_53": -0.05788
        },
        "layer_26": {
            "token_53": -0.1511
        },
        "layer_27": {
            "token_53": -0.18725
        },
        "layer_28": {
            "token_53": -0.29667
        },
        "layer_29": {
            "token_53": -0.29149
        },
        "layer_30": {
            "token_53": -0.15105,
            "token_180": 0.05109,
            "token_186": -0.05111
        },
        "layer_31": {
            "token_53": -0.18702,
            "token_83": 0.05051,
            "token_180": 0.06103
        }
    },
    "data_43": {
        "layer_29": {
            "token_100": 0.11833
        },
        "layer_30": {
            "token_100": -0.09153
        }
    },
    "data_45": {
        "layer_31": {
            "token_81": 0.05069
        }
    },
    "data_46": {
        "layer_29": {
            "token_61": 0.07201
        },
        "layer_30": {
            "token_61": 0.05376
        }
    },
    "data_52": {
        "layer_27": {
            "token_75": 0.05672
        }
    },
    "data_55": {
        "layer_31": {
            "token_238": 0.05015
        }
    },
    "data_56": {
        "layer_30": {
            "token_84": 0.05297
        }
    },
    "data_58": {
        "layer_30": {
            "token_69": 0.07223
        }
    },
    "data_59": {
        "layer_25": {
            "token_88": -0.0579
        },
        "layer_26": {
            "token_88": -0.08838
        },
        "layer_27": {
            "token_88": -0.06288
        },
        "layer_28": {
            "token_88": -0.10603
        },
        "layer_29": {
            "token_88": -0.06525
        },
        "layer_30": {
            "token_88": -0.0971,
            "token_191": 0.05092,
            "token_192": 0.05328,
            "token_221": 0.05461
        },
        "layer_31": {
            "token_88": 0.07705
        }
    },
    "data_74": {
        "layer_22": {
            "token_89": 0.05543
        },
        "layer_23": {
            "token_89": 0.10297
        },
        "layer_24": {
            "token_89": 0.06382
        },
        "layer_25": {
            "token_89": 0.06991
        },
        "layer_26": {
            "token_89": 0.09257
        },
        "layer_28": {
            "token_89": 0.07378
        },